MaleNames,FemaleNames,LastNames
James,Mary,SMITH
John,Patricia,JOHNSON
Robert,Jennifer,WILLIAMS
Michael,Linda,JONES
William,Elizabeth,BROWN
David,Barbara,DAVIS
Richard,Susan,MILLER
Joseph,Jessica,WILSON
Thomas,Sarah,MOORE
Charles,Margaret,TAYLOR
Christopher,Karen,ANDERSON
Daniel,Nancy,THOMAS
Matthew,Lisa,JACKSON
Anthony,Betty,WHITE
Donald,Dorothy,HARRIS
Mark,Sandra,MARTIN
Paul,Ashley,THOMPSON
Steven,Kimberly,GARCIA
Andrew,Donna,MARTINEZ
Kenneth,Emily,ROBINSON
George,Carol,CLARK
Joshua,Michelle,RODRIGUEZ
Kevin,Amanda,LEWIS
Brian,Melissa,LEE
Edward,Deborah,WALKER
Ronald,Stephanie,HALL
Timothy,Rebecca,ALLEN
Jason,Laura,YOUNG
Jeffrey,Helen,HERNANDEZ
Ryan,Sharon,KING
Jacob,Cynthia,WRIGHT
Gary,Kathleen,LOPEZ
Nicholas,Amy,HILL
Eric,Shirley,SCOTT
Stephen,Angela,GREEN
Jonathan,Anna,ADAMS
Larry,Ruth,BAKER
Justin,Brenda,GONZALEZ
Scott,Pamela,NELSON
Brandon,Nicole,CARTER
Frank,Katherine,MITCHELL
Benjamin,Samantha,PEREZ
Gregory,Christine,ROBERTS
Raymond,Catherine,TURNER
Samuel,Virginia,PHILLIPS
Patrick,Debra,CAMPBELL
Alexander,Rachel,PARKER
Jack,Janet,EVANS
Dennis,Emma,EDWARDS
Jerry,Carolyn,COLLINS
Tyler,Maria,STEWART
Aaron,Heather,SANCHEZ
Henry,Diane,MORRIS
Jose,Julie,ROGERS
Douglas,Joyce,REED
Peter,Evelyn,COOK
Adam,Joan,MORGAN
Nathan,Victoria,BELL
Zachary,Kelly,MURPHY
Walter,Christina,BAILEY
Kyle,Lauren,RIVERA
Harold,Frances,COOPER
Carl,Martha,RICHARDSON
Jeremy,Judith,COX
Gerald,Cheryl,HOWARD
Keith,Megan,WARD
Roger,Andrea,TORRES
Arthur,Olivia,PETERSON
Terry,Ann,GRAY
Lawrence,Jean,RAMIREZ
Sean,Alice,JAMES
Christian,Jacqueline,WATSON
Ethan,Hannah,BROOKS
Austin,Doris,KELLY
Joe,Kathryn,SANDERS
Albert,Gloria,PRICE
Jesse,Teresa,BENNETT
Willie,Sara,WOOD
Billy,Janice,BARNES
Bryan,Marie,ROSS
Bruce,Julia,HENDERSON
Noah,Grace,COLEMAN
Jordan,Judy,JENKINS
Dylan,Theresa,PERRY
Ralph,Madison,POWELL
Roy,Beverly,LONG
Alan,Denise,PATTERSON
Wayne,Marilyn,HUGHES
Eugene,Amber,FLORES
Juan,Danielle,WASHINGTON
Gabriel,Rose,BUTLER
Louis,Brittany,SIMMONS
Russell,Diana,FOSTER
Randy,Abigail,GONZALES
Vincent,Natalie,BRYANT
Philip,Jane,ALEXANDER
Logan,Lori,RUSSELL
Bobby,Alexis,GRIFFIN
Harry,Tiffany,DIAZ
Johnny,Kayla,HAYES
